Inv_Id,Product_Category
15003,CLASS-1805
15008,CLASS-1805
15013,CLASS-1805
15019,CLASS-1805
15020,CLASS-1758
15022,CLASS-1758
15024,CLASS-1805
15026,CLASS-1805
15027,CLASS-1805
15028,CLASS-1805
15029,CLASS-1805
15031,CLASS-1274
15034,CLASS-1805
15037,CLASS-1805
15039,CLASS-1805
15043,CLASS-1805
15044,CLASS-1805
15045,CLASS-1805
15050,CLASS-1805
15054,CLASS-1805
15056,CLASS-1805
15057,CLASS-1805
15059,CLASS-1250
15063,CLASS-1805
15065,CLASS-1919
15079,CLASS-1805
15084,CLASS-1805
15088,CLASS-1250
15089,CLASS-1805
15093,CLASS-1805
15096,CLASS-1805
15104,CLASS-1805
15107,CLASS-1522
15113,CLASS-1805
15114,CLASS-1805
15116,CLASS-1805
15118,CLASS-1805
15127,CLASS-1274
15135,CLASS-1805
15136,CLASS-1758
15137,CLASS-1805
15142,CLASS-1805
15143,CLASS-1805
15149,CLASS-1805
15150,CLASS-1963
15152,CLASS-1805
15155,CLASS-1805
15160,CLASS-1249
15161,CLASS-1805
15165,CLASS-1758
15169,CLASS-1805
15170,CLASS-1805
15172,CLASS-1805
15176,CLASS-1805
15178,CLASS-1805
15183,CLASS-1805
15184,CLASS-1805
15188,CLASS-1805
15189,CLASS-1805
15194,CLASS-1522
15195,CLASS-1805
15204,CLASS-1805
15207,CLASS-1805
15209,CLASS-1805
15215,CLASS-1805
15225,CLASS-1805
15228,CLASS-1805
15229,CLASS-1805
15232,CLASS-1805
15234,CLASS-1805
15236,CLASS-1805
15237,CLASS-1805
15240,CLASS-1805
15242,CLASS-1758
15243,CLASS-1805
15244,CLASS-1249
15245,CLASS-1805
15247,CLASS-1805
15248,CLASS-1805
15249,CLASS-1805
15252,CLASS-1805
15253,CLASS-1758
15260,CLASS-1805
15261,CLASS-1805
15263,CLASS-1805
15265,CLASS-1758
15274,CLASS-1522
15276,CLASS-1805
15279,CLASS-1805
15283,CLASS-1805
15284,CLASS-1805
15285,CLASS-1805
15286,CLASS-1805
15288,CLASS-1805
15290,CLASS-1805
15306,CLASS-1249
15309,CLASS-1805
15313,CLASS-1721
15314,CLASS-1805
15315,CLASS-1805
15319,CLASS-1376
15323,CLASS-1805
15324,CLASS-1805
15330,CLASS-1805
15333,CLASS-1805
15336,CLASS-1805
15339,CLASS-1805
15342,CLASS-1805
15344,CLASS-1805
15345,CLASS-1758
15354,CLASS-1805
15355,CLASS-1805
15360,CLASS-1805
15367,CLASS-1805
15377,CLASS-1274
15378,CLASS-1274
15381,CLASS-1805
15385,CLASS-1805
15387,CLASS-1805
15389,CLASS-1274
15402,CLASS-1805
15405,CLASS-1805
15407,CLASS-1805
15410,CLASS-1758
15411,CLASS-1758
15412,CLASS-1522
15418,CLASS-1805
15421,CLASS-1805
15433,CLASS-1805
15435,CLASS-1805
15441,CLASS-1805
15442,CLASS-1805
15444,CLASS-1805
15445,CLASS-1805
15446,CLASS-1805
15461,CLASS-1805
15464,CLASS-2003
15468,CLASS-1522
15469,CLASS-1805
15470,CLASS-1805
15471,CLASS-1805
15475,CLASS-1805
15476,CLASS-1805
15478,CLASS-1805
15479,CLASS-1805
15486,CLASS-1870
15489,CLASS-1805
15496,CLASS-1758
15497,CLASS-1805
15500,CLASS-1805
15505,CLASS-1805
15506,CLASS-1758
15511,CLASS-1805
15514,CLASS-1274
15517,CLASS-1805
15526,CLASS-1805
15536,CLASS-1805
15537,CLASS-1274
15541,CLASS-1805
15543,CLASS-1805
15545,CLASS-1805
15547,CLASS-1805
15548,CLASS-1805
15550,CLASS-1805
15551,CLASS-1805
15554,CLASS-1758
15555,CLASS-1274
15556,CLASS-1805
15560,CLASS-1805
15564,CLASS-1963
15565,CLASS-1805
15570,CLASS-1805
15574,CLASS-1522
15576,CLASS-1805
15581,CLASS-1805
15582,CLASS-1805
15583,CLASS-1805
15584,CLASS-1805
15588,CLASS-1805
15596,CLASS-1805
15599,CLASS-1805
15601,CLASS-1963
15603,CLASS-1850
15607,CLASS-1758
15609,CLASS-1805
15611,CLASS-1805
15614,CLASS-1274
15618,CLASS-1758
15623,CLASS-1805
15625,CLASS-1250
15626,CLASS-1805
15630,CLASS-1805
15633,CLASS-1805
15637,CLASS-1274
15640,CLASS-1805
15642,CLASS-1274
15652,CLASS-1805
15654,CLASS-1805
15659,CLASS-1274
15664,CLASS-1805
15666,CLASS-1805
15667,CLASS-1376
15670,CLASS-1805
15680,CLASS-1758
15681,CLASS-1805
15683,CLASS-1805
15686,CLASS-1522
15687,CLASS-1805
15689,CLASS-1805
15690,CLASS-1805
15692,CLASS-1805
15693,CLASS-1274
15696,CLASS-1805
15698,CLASS-1522
15701,CLASS-1805
15703,CLASS-1805
15704,CLASS-1805
15707,CLASS-1805
15710,CLASS-1805
15711,CLASS-1805
15718,CLASS-1805
15721,CLASS-1274
15723,CLASS-1805
15736,CLASS-1274
15737,CLASS-1805
15739,CLASS-1805
15740,CLASS-1805
15741,CLASS-1429
15746,CLASS-1805
15750,CLASS-1805
15753,CLASS-1805
15756,CLASS-1805
15757,CLASS-1805
15760,CLASS-1805
15762,CLASS-1249
15769,CLASS-1805
15771,CLASS-1805
15772,CLASS-1250
15773,CLASS-1805
15774,CLASS-1805
15776,CLASS-1805
15785,CLASS-1805
15787,CLASS-1805
15791,CLASS-1758
15794,CLASS-1805
15795,CLASS-1805
15796,CLASS-1805
15797,CLASS-1758
15798,CLASS-1274
15805,CLASS-1805
15809,CLASS-1805
15810,CLASS-1805
15813,CLASS-1758
15817,CLASS-1963
15818,CLASS-1805
15819,CLASS-1805
15826,CLASS-1805
15832,CLASS-1274
15833,CLASS-1805
15834,CLASS-1250
15836,CLASS-1522
15841,CLASS-1805
15843,CLASS-1805
15847,CLASS-1805
15850,CLASS-1805
15854,CLASS-1805
15856,CLASS-1376
15863,CLASS-1919
15865,CLASS-1522
15870,CLASS-1805
15872,CLASS-1850
15874,CLASS-1805
15878,CLASS-1805
15885,CLASS-1805
15886,CLASS-1805
15890,CLASS-1805
15893,CLASS-1805
15897,CLASS-1522
15899,CLASS-1805
15900,CLASS-1805
15901,CLASS-1805
15902,CLASS-1274
15903,CLASS-1805
15904,CLASS-1805
15911,CLASS-1805
15912,CLASS-1805
15913,CLASS-1758
15919,CLASS-1805
15922,CLASS-1805
15923,CLASS-1805
15927,CLASS-1805
15929,CLASS-1274
15936,CLASS-1805
15938,CLASS-1805
15942,CLASS-1805
15950,CLASS-1805
15951,CLASS-1758
15955,CLASS-1805
15956,CLASS-1805
15958,CLASS-1805
15969,CLASS-1805
15971,CLASS-1805
15978,CLASS-1522
15980,CLASS-1805
15982,CLASS-1805
15984,CLASS-1805
15986,CLASS-1805
15991,CLASS-1758
15993,CLASS-1522
15994,CLASS-1522
15997,CLASS-1758
16001,CLASS-1805
16002,CLASS-1274
16003,CLASS-1805
16005,CLASS-1805
16008,CLASS-1805
16009,CLASS-1805
16010,CLASS-1963
16017,CLASS-1805
16023,CLASS-1805
16025,CLASS-1805
16027,CLASS-1805
16036,CLASS-1805
16038,CLASS-1805
16046,CLASS-1758
16052,CLASS-1805
16055,CLASS-1805
16057,CLASS-1805
16059,CLASS-1274
16061,CLASS-1805
16066,CLASS-1850
16069,CLASS-1805
16074,CLASS-1805
16076,CLASS-1805
16079,CLASS-1249
16083,CLASS-1805
16086,CLASS-1805
16087,CLASS-1805
16088,CLASS-1805
16091,CLASS-1805
16096,CLASS-1522
16097,CLASS-1805
16099,CLASS-1805
16103,CLASS-1805
16104,CLASS-1274
16106,CLASS-1805
16107,CLASS-1805
16111,CLASS-1758
16115,CLASS-1805
16116,CLASS-1758
16117,CLASS-1805
16119,CLASS-1805
16123,CLASS-1805
16127,CLASS-1758
16128,CLASS-1805
16131,CLASS-1805
16132,CLASS-1805
16133,CLASS-1805
16137,CLASS-1919
16140,CLASS-1805
16141,CLASS-1805
16159,CLASS-1758
16161,CLASS-1805
16162,CLASS-1805
16169,CLASS-1805
16170,CLASS-1805
16172,CLASS-1274
16180,CLASS-1805
16188,CLASS-1805
16189,CLASS-1805
16190,CLASS-1805
16192,CLASS-1805
16193,CLASS-1805
16194,CLASS-1805
16197,CLASS-1805
16199,CLASS-1805
16200,CLASS-1805
16201,CLASS-1805
16205,CLASS-1758
16206,CLASS-1805
16209,CLASS-1805
16210,CLASS-1805
16211,CLASS-1805
16216,CLASS-1758
16218,CLASS-1758
16225,CLASS-1805
16226,CLASS-1805
16231,CLASS-1274
16234,CLASS-1805
16239,CLASS-1522
16244,CLASS-1805
16245,CLASS-1250
16246,CLASS-1805
16255,CLASS-1376
16258,CLASS-1805
16262,CLASS-1274
16265,CLASS-1805
16266,CLASS-1758
16273,CLASS-1758
16284,CLASS-1805
16288,CLASS-1274
16289,CLASS-1805
16293,CLASS-1805
16299,CLASS-1805
16300,CLASS-1274
16301,CLASS-1805
16310,CLASS-1805
16311,CLASS-1805
16312,CLASS-1805
16313,CLASS-1805
16318,CLASS-1805
16319,CLASS-1522
16322,CLASS-1805
16330,CLASS-1805
16331,CLASS-1805
16335,CLASS-1805
16339,CLASS-1805
16343,CLASS-1805
16344,CLASS-1805
16345,CLASS-1805
16347,CLASS-1805
16348,CLASS-1805
16352,CLASS-1758
16356,CLASS-1805
16359,CLASS-1758
16367,CLASS-1805
16375,CLASS-1805
16379,CLASS-1805
16382,CLASS-1805
16383,CLASS-1758
16384,CLASS-1805
16386,CLASS-1805
16387,CLASS-1249
16391,CLASS-1805
16392,CLASS-1805
16395,CLASS-1805
16396,CLASS-1805
16398,CLASS-1758
16400,CLASS-1805
16414,CLASS-1805
16419,CLASS-1805
16421,CLASS-1805
16425,CLASS-1805
16429,CLASS-1805
16430,CLASS-1274
16431,CLASS-1805
16439,CLASS-1758
16443,CLASS-1805
16445,CLASS-1805
16448,CLASS-1805
16451,CLASS-1805
16452,CLASS-1274
16454,CLASS-1805
16459,CLASS-1274
16460,CLASS-1805
16464,CLASS-1805
16466,CLASS-1805
16468,CLASS-1805
16474,CLASS-1805
16479,CLASS-1758
16480,CLASS-1805
16482,CLASS-1805
16487,CLASS-1249
16489,CLASS-1805
16491,CLASS-1919
16492,CLASS-1805
16495,CLASS-1805
16496,CLASS-1805
16502,CLASS-1805
16505,CLASS-1805
16506,CLASS-1805
16507,CLASS-1758
16509,CLASS-1805
16515,CLASS-1274
16518,CLASS-1805
16519,CLASS-1805
16520,CLASS-1274
16522,CLASS-1758
16526,CLASS-1805
16528,CLASS-1805
16534,CLASS-1805
16536,CLASS-1274
16538,CLASS-1805
16541,CLASS-1805
16543,CLASS-1805
16547,CLASS-1805
16551,CLASS-1805
16552,CLASS-1274
16560,CLASS-1805
16561,CLASS-1274
16564,CLASS-1274
16565,CLASS-1805
16573,CLASS-1805
16575,CLASS-1805
16577,CLASS-1805
16580,CLASS-1805
16592,CLASS-1805
16595,CLASS-1376
16605,CLASS-1805
16610,CLASS-1805
16611,CLASS-1805
16613,CLASS-1805
16614,CLASS-1805
16615,CLASS-1274
16623,CLASS-1805
16626,CLASS-1805
16627,CLASS-1805
16628,CLASS-1805
16631,CLASS-1805
16636,CLASS-1250
16637,CLASS-1805
16638,CLASS-1805
16644,CLASS-1805
16645,CLASS-1805
16646,CLASS-1805
16647,CLASS-1805
16650,CLASS-1805
16653,CLASS-1805
16655,CLASS-1805
16661,CLASS-1376
16662,CLASS-1758
16665,CLASS-1805
16671,CLASS-2141
16673,CLASS-1919
16674,CLASS-1805
16675,CLASS-1376
16677,CLASS-1805
16681,CLASS-1805
16684,CLASS-1758
16686,CLASS-1805
16688,CLASS-1805
16701,CLASS-1805
16705,CLASS-1805
16709,CLASS-1522
16712,CLASS-1274
16713,CLASS-1805
16715,CLASS-1919
16717,CLASS-1805
16718,CLASS-1805
16724,CLASS-1805
16725,CLASS-1805
16730,CLASS-1805
16737,CLASS-1805
16744,CLASS-1805
16745,CLASS-1376
16747,CLASS-1805
16748,CLASS-1805
16749,CLASS-1805
16751,CLASS-1805
16757,CLASS-1805
16760,CLASS-1758
16769,CLASS-1805
16791,CLASS-1805
16792,CLASS-1805
16794,CLASS-1522
16804,CLASS-1522
16808,CLASS-1805
16809,CLASS-1805
16810,CLASS-1805
16811,CLASS-1805
16814,CLASS-1805
16818,CLASS-1805
16819,CLASS-1805
16822,CLASS-1805
16830,CLASS-1758
16834,CLASS-1805
16838,CLASS-1805
16840,CLASS-1805
16841,CLASS-1805
16844,CLASS-1805
16848,CLASS-1805
16858,CLASS-1274
16868,CLASS-1805
16869,CLASS-1805
16871,CLASS-1805
16873,CLASS-1805
16874,CLASS-1805
16876,CLASS-1758
16880,CLASS-1805
16883,CLASS-1805
16884,CLASS-1805
16886,CLASS-1805
16891,CLASS-1758
16894,CLASS-1805
16895,CLASS-1805
16897,CLASS-1758
16898,CLASS-1805
16901,CLASS-1805
16902,CLASS-1805
16903,CLASS-1805
16904,CLASS-1274
16905,CLASS-1850
16911,CLASS-1805
16915,CLASS-1805
16916,CLASS-1805
16922,CLASS-1805
16931,CLASS-1805
16939,CLASS-1805
16943,CLASS-1805
16944,CLASS-1805
16946,CLASS-1805
16952,CLASS-1805
16955,CLASS-1805
16956,CLASS-1850
16957,CLASS-1250
16961,CLASS-1805
16966,CLASS-1758
16975,CLASS-1758
16978,CLASS-1522
16983,CLASS-1805
16984,CLASS-1805
16985,CLASS-1758
16987,CLASS-1805
16999,CLASS-1805
17008,CLASS-1274
17009,CLASS-1805
17021,CLASS-1805
17024,CLASS-1805
17026,CLASS-1758
17027,CLASS-1805
17029,CLASS-1805
17030,CLASS-1274
17041,CLASS-1805
17043,CLASS-1805
17045,CLASS-1376
17047,CLASS-1805
17048,CLASS-1805
17053,CLASS-1522
17055,CLASS-1805
17061,CLASS-1805
17063,CLASS-1805
17064,CLASS-1805
17068,CLASS-1805
17071,CLASS-1758
17073,CLASS-1805
17076,CLASS-1758
17077,CLASS-1805
17079,CLASS-1805
17084,CLASS-1805
17088,CLASS-1805
17089,CLASS-1805
17090,CLASS-1805
17093,CLASS-1805
17095,CLASS-1274
17096,CLASS-1805
17105,CLASS-1805
17106,CLASS-1805
17110,CLASS-1522
17111,CLASS-1758
17112,CLASS-1805
17117,CLASS-1805
17118,CLASS-1805
17119,CLASS-1805
17125,CLASS-1805
17127,CLASS-1805
17130,CLASS-1805
17131,CLASS-1805
17135,CLASS-1805
17138,CLASS-1805
17143,CLASS-1805
17146,CLASS-1274
17148,CLASS-1805
17150,CLASS-1805
17151,CLASS-1805
17152,CLASS-1805
17159,CLASS-1805
17160,CLASS-1805
17161,CLASS-1758
17162,CLASS-1805
17163,CLASS-1805
17175,CLASS-1805
17176,CLASS-1805
17179,CLASS-1805
17187,CLASS-1805
17191,CLASS-1870
17194,CLASS-1805
17198,CLASS-1805
17203,CLASS-1805
17206,CLASS-1805
17208,CLASS-1805
17215,CLASS-1805
17219,CLASS-1805
17227,CLASS-1805
17228,CLASS-1249
17231,CLASS-1805
17234,CLASS-1805
17235,CLASS-1805
17237,CLASS-1805
17250,CLASS-1805
17252,CLASS-1919
17254,CLASS-1274
17258,CLASS-1805
17260,CLASS-1274
17261,CLASS-1805
17264,CLASS-1274
17265,CLASS-1758
17266,CLASS-1805
17267,CLASS-1805
17268,CLASS-1274
17270,CLASS-1805
17271,CLASS-1250
17272,CLASS-1805
17273,CLASS-1805
17274,CLASS-1522
17276,CLASS-1376
17282,CLASS-1805
17284,CLASS-1805
17287,CLASS-1758
17288,CLASS-1522
17289,CLASS-1274
17291,CLASS-1274
17292,CLASS-1805
17295,CLASS-1805
17303,CLASS-1805
17304,CLASS-1805
17308,CLASS-1805
17311,CLASS-1805
17312,CLASS-1805
17321,CLASS-1805
17323,CLASS-1805
17326,CLASS-1805
17327,CLASS-1805
17335,CLASS-1522
17337,CLASS-1376
17342,CLASS-1274
17343,CLASS-1805
17348,CLASS-1805
17349,CLASS-1805
17350,CLASS-1805
17352,CLASS-1805
17353,CLASS-1805
17360,CLASS-1805
17361,CLASS-1758
17363,CLASS-1522
17366,CLASS-1758
17368,CLASS-1522
17371,CLASS-1758
17380,CLASS-1805
17387,CLASS-1250
17388,CLASS-1805
17394,CLASS-1919
17395,CLASS-1805
17396,CLASS-1805
17397,CLASS-1758
17398,CLASS-1249
17400,CLASS-1429
17402,CLASS-1758
17403,CLASS-1376
17406,CLASS-1805
17409,CLASS-1758
17410,CLASS-1805
17411,CLASS-1805
17416,CLASS-1805
17420,CLASS-1522
17424,CLASS-1274
17425,CLASS-1805
17428,CLASS-1805
17433,CLASS-1805
17436,CLASS-1805
17440,CLASS-1805
17443,CLASS-1805
17446,CLASS-1805
17449,CLASS-1805
17452,CLASS-1274
17454,CLASS-1758
17458,CLASS-1805
17459,CLASS-1805
17461,CLASS-1805
17462,CLASS-1805
17464,CLASS-1805
17469,CLASS-1805
17474,CLASS-1522
17478,CLASS-1805
17479,CLASS-1250
17484,CLASS-1919
17485,CLASS-1805
17488,CLASS-1805
17502,CLASS-1805
17504,CLASS-1805
17505,CLASS-1274
17510,CLASS-1522
17512,CLASS-1805
17514,CLASS-1274
17515,CLASS-1805
17518,CLASS-1805
17522,CLASS-1805
17524,CLASS-1805
17526,CLASS-1805
17528,CLASS-1274
17529,CLASS-1805
17531,CLASS-1805
17532,CLASS-1805
17541,CLASS-1805
17546,CLASS-1805
17548,CLASS-1805
17554,CLASS-1805
17556,CLASS-1805
17559,CLASS-1805
17562,CLASS-1805
17563,CLASS-1758
17566,CLASS-1758
17577,CLASS-1805
17578,CLASS-1805
17588,CLASS-1309
17589,CLASS-1805
17590,CLASS-1805
17591,CLASS-1805
17594,CLASS-1805
17596,CLASS-1805
17599,CLASS-1249
17602,CLASS-1274
17606,CLASS-1805
17614,CLASS-1758
17622,CLASS-1567
17623,CLASS-1274
17626,CLASS-1805
17627,CLASS-1805
17631,CLASS-1250
17632,CLASS-1805
17635,CLASS-1805
17639,CLASS-1805
17641,CLASS-1522
17642,CLASS-1805
17650,CLASS-1805
17651,CLASS-1805
17652,CLASS-1805
17654,CLASS-1805
17658,CLASS-1805
17661,CLASS-1805
17663,CLASS-1805
17667,CLASS-1805
17669,CLASS-1805
17672,CLASS-1249
17677,CLASS-1805
17679,CLASS-1805
17680,CLASS-1805
17688,CLASS-1805
17690,CLASS-1805
17693,CLASS-1805
17694,CLASS-1805
17699,CLASS-1522
17700,CLASS-1805
17702,CLASS-1758
17707,CLASS-1805
17712,CLASS-1805
17714,CLASS-1805
17721,CLASS-1249
17725,CLASS-1805
17734,CLASS-1805
17739,CLASS-1805
17743,CLASS-1805
17744,CLASS-1805
17748,CLASS-1805
17755,CLASS-1274
17756,CLASS-1805
17758,CLASS-1758
17759,CLASS-1309
17760,CLASS-1805
17762,CLASS-1805
17768,CLASS-1805
17769,CLASS-1522
17771,CLASS-1805
17776,CLASS-1805
17780,CLASS-1805
17791,CLASS-1805
17793,CLASS-1250
17794,CLASS-1805
17798,CLASS-1758
17799,CLASS-1805
17802,CLASS-1758
17804,CLASS-1274
17806,CLASS-1805
17807,CLASS-1805
17808,CLASS-1805
17812,CLASS-1805
17817,CLASS-1805
17818,CLASS-1805
17820,CLASS-1805
17829,CLASS-1805
17834,CLASS-1805
17848,CLASS-1805
17850,CLASS-1805
17851,CLASS-2241
17852,CLASS-1805
17855,CLASS-1805
17856,CLASS-1805
17859,CLASS-1805
17860,CLASS-1522
17861,CLASS-1805
17874,CLASS-1805
17875,CLASS-1758
17877,CLASS-1250
17880,CLASS-1805
17884,CLASS-1758
17889,CLASS-1805
17890,CLASS-1274
17897,CLASS-1805
17898,CLASS-1522
17902,CLASS-1805
17903,CLASS-1805
17906,CLASS-1376
17907,CLASS-1805
17908,CLASS-1522
17913,CLASS-1522
17916,CLASS-1805
17919,CLASS-1758
17924,CLASS-1805
17925,CLASS-1805
17927,CLASS-1522
17932,CLASS-1522
17937,CLASS-1274
17943,CLASS-1274
17947,CLASS-1805
17948,CLASS-1274
17949,CLASS-1274
17951,CLASS-1522
17952,CLASS-1805
17956,CLASS-1805
17963,CLASS-1758
17966,CLASS-1805
17968,CLASS-1805
17969,CLASS-1758
17972,CLASS-1805
17974,CLASS-1376
17976,CLASS-1805
17977,CLASS-1567
17981,CLASS-1805
17987,CLASS-1758
17990,CLASS-1805
17997,CLASS-1805
17998,CLASS-1805
18001,CLASS-1805
18008,CLASS-1805
18009,CLASS-1805
18011,CLASS-1805
18015,CLASS-1274
18017,CLASS-1805
18018,CLASS-1805
18021,CLASS-1376
18024,CLASS-1805
18028,CLASS-1522
18037,CLASS-1805
18045,CLASS-1758
18049,CLASS-1805
18052,CLASS-1274
18054,CLASS-1274
18056,CLASS-1805
18058,CLASS-1805
18059,CLASS-1805
18061,CLASS-1805
18062,CLASS-1758
18063,CLASS-1805
18065,CLASS-1805
18069,CLASS-1274
18074,CLASS-1376
18076,CLASS-1805
18082,CLASS-1805
18084,CLASS-1805
18086,CLASS-1758
18095,CLASS-1274
18100,CLASS-1805
18106,CLASS-1805
18109,CLASS-1805
18111,CLASS-1274
18112,CLASS-1274
18118,CLASS-1758
18130,CLASS-1477
18131,CLASS-1805
18132,CLASS-1805
18135,CLASS-1805
18137,CLASS-1805
18138,CLASS-1805
18141,CLASS-1805
18143,CLASS-1805
18144,CLASS-1805
18148,CLASS-1805
18149,CLASS-1805
18150,CLASS-1805
18152,CLASS-1805
18154,CLASS-1805
18159,CLASS-1805
18165,CLASS-1805
18170,CLASS-1805
18171,CLASS-1274
18172,CLASS-1274
18182,CLASS-1805
18185,CLASS-1805
18187,CLASS-1805
18189,CLASS-1274
18190,CLASS-1805
18191,CLASS-1758
18192,CLASS-1758
18194,CLASS-1805
18196,CLASS-1805
18197,CLASS-1274
18200,CLASS-1805
18201,CLASS-1805
18205,CLASS-1805
18208,CLASS-1805
18219,CLASS-1805
18222,CLASS-1805
18229,CLASS-1805
18232,CLASS-1522
18237,CLASS-1758
18239,CLASS-1805
18246,CLASS-1805
18249,CLASS-1805
18256,CLASS-1522
18277,CLASS-1274
18282,CLASS-1805
18306,CLASS-1805
18308,CLASS-1805
18312,CLASS-1805
18317,CLASS-1805
18322,CLASS-1805
18323,CLASS-1805
18327,CLASS-1805
18329,CLASS-1376
18332,CLASS-1805
18339,CLASS-1805
18341,CLASS-1805
18344,CLASS-1805
18345,CLASS-1805
18350,CLASS-1274
18351,CLASS-1805
18355,CLASS-1522
18357,CLASS-1805
18358,CLASS-1274
18360,CLASS-1805
18362,CLASS-1805
18369,CLASS-1805
18370,CLASS-1805
18371,CLASS-1805
18372,CLASS-1805
18377,CLASS-1477
18381,CLASS-1805
18382,CLASS-1522
18384,CLASS-1758
18386,CLASS-1805
18388,CLASS-1805
18394,CLASS-1805
18395,CLASS-1805
18401,CLASS-2141
18402,CLASS-1805
18404,CLASS-1805
18408,CLASS-1249
18410,CLASS-1805
18412,CLASS-1805
18420,CLASS-1758
18421,CLASS-1805
18430,CLASS-1758
18433,CLASS-1805
18437,CLASS-1758
18439,CLASS-1805
18441,CLASS-1805
18447,CLASS-1805
18448,CLASS-1805
18455,CLASS-1805
18461,CLASS-1805
18463,CLASS-1805
18467,CLASS-1805
18469,CLASS-1522
18472,CLASS-1805
18475,CLASS-1274
18476,CLASS-1805
18485,CLASS-1805
18490,CLASS-1805
18495,CLASS-1805
18498,CLASS-1805
18500,CLASS-1805
18504,CLASS-1805
18507,CLASS-1805
18511,CLASS-1805
18513,CLASS-1805
18514,CLASS-1805
18518,CLASS-2141
18523,CLASS-1805
18534,CLASS-1805
18537,CLASS-1805
18539,CLASS-1758
18541,CLASS-1805
18549,CLASS-1805
18550,CLASS-1805
18553,CLASS-1758
18561,CLASS-1805
18563,CLASS-1758
18569,CLASS-1805
18584,CLASS-1805
18587,CLASS-1805
18588,CLASS-1274
18590,CLASS-1805
18591,CLASS-1805
18595,CLASS-1805
18597,CLASS-1805
18601,CLASS-1805
18605,CLASS-1805
18607,CLASS-1250
18613,CLASS-1805
18617,CLASS-1805
18621,CLASS-1805
18622,CLASS-1805
18623,CLASS-1805
18624,CLASS-1758
18625,CLASS-1805
18628,CLASS-1805
18630,CLASS-1758
18631,CLASS-1758
18635,CLASS-1805
18637,CLASS-1805
18643,CLASS-1805
18644,CLASS-1274
18649,CLASS-1805
18660,CLASS-1805
18664,CLASS-2141
18670,CLASS-1805
18672,CLASS-1805
18673,CLASS-1758
18675,CLASS-1805
18676,CLASS-1805
18680,CLASS-1805
18681,CLASS-1805
18686,CLASS-1805
18687,CLASS-1805
18695,CLASS-1805
18698,CLASS-1274
18702,CLASS-1805
18707,CLASS-1758
18711,CLASS-1805
18713,CLASS-1805
18724,CLASS-1805
18726,CLASS-1805
18729,CLASS-1919
18731,CLASS-1805
18736,CLASS-1805
18740,CLASS-1805
18742,CLASS-1805
18746,CLASS-1805
18747,CLASS-1758
18749,CLASS-1805
18750,CLASS-1758
18751,CLASS-1758
18754,CLASS-1805
18756,CLASS-1805
18763,CLASS-1805
18767,CLASS-1805
18768,CLASS-1805
18770,CLASS-1963
18771,CLASS-1250
18775,CLASS-1805
18778,CLASS-1274
18779,CLASS-1805
18780,CLASS-1805
18782,CLASS-1805
18783,CLASS-1805
18784,CLASS-1758
18786,CLASS-1805
18796,CLASS-1522
18800,CLASS-1805
18801,CLASS-1805
18803,CLASS-1805
18806,CLASS-1805
18808,CLASS-1805
18816,CLASS-1805
18817,CLASS-1805
18819,CLASS-1805
18822,CLASS-1805
18840,CLASS-1805
18841,CLASS-1805
18842,CLASS-1805
18843,CLASS-1805
18847,CLASS-1805
18849,CLASS-1758
18853,CLASS-1805
18855,CLASS-1805
18857,CLASS-1805
18858,CLASS-1249
18862,CLASS-1805
18864,CLASS-1805
18866,CLASS-1274
18869,CLASS-1805
18872,CLASS-1805
18874,CLASS-1274
18875,CLASS-1805
18878,CLASS-1758
18879,CLASS-1805
18881,CLASS-1758
18882,CLASS-1758
18885,CLASS-1805
18887,CLASS-1805
18889,CLASS-1805
18896,CLASS-1805
18899,CLASS-1805
18900,CLASS-2241
18902,CLASS-1805
18903,CLASS-1805
18908,CLASS-1758
18910,CLASS-1805
18919,CLASS-1805
18921,CLASS-1805
18924,CLASS-1805
18926,CLASS-1758
18927,CLASS-1805
18929,CLASS-1250
18931,CLASS-1274
18932,CLASS-1805
18935,CLASS-1274
18936,CLASS-1805
18940,CLASS-1805
18945,CLASS-1805
18946,CLASS-1805
18948,CLASS-1805
18951,CLASS-1376
18953,CLASS-1805
18954,CLASS-1758
18962,CLASS-1522
18963,CLASS-1963
18968,CLASS-1805
18972,CLASS-1274
18973,CLASS-1805
18978,CLASS-1376
18984,CLASS-1805
18988,CLASS-1805
18990,CLASS-1805
18991,CLASS-1274
18992,CLASS-1805
18993,CLASS-1805
18995,CLASS-1805
18996,CLASS-1805
18999,CLASS-1805
19001,CLASS-1805
19009,CLASS-1805
19011,CLASS-1805
19013,CLASS-1274
19016,CLASS-1805
19025,CLASS-1805
19027,CLASS-1919
19029,CLASS-1758
19030,CLASS-1522
19031,CLASS-1805
19032,CLASS-1805
19033,CLASS-1805
19035,CLASS-1850
19037,CLASS-1805
19038,CLASS-1805
19040,CLASS-1805
19041,CLASS-1805
19043,CLASS-1805
19045,CLASS-1805
19046,CLASS-1758
19047,CLASS-1805
19054,CLASS-1805
19058,CLASS-1758
19062,CLASS-1309
19064,CLASS-1805
19066,CLASS-1376
19068,CLASS-1805
19072,CLASS-1376
19085,CLASS-1274
19087,CLASS-1274
19093,CLASS-1758
19095,CLASS-1758
19105,CLASS-1522
19109,CLASS-1805
19111,CLASS-1805
19112,CLASS-1758
19113,CLASS-1805
19115,CLASS-1274
19121,CLASS-1805
19124,CLASS-1522
19129,CLASS-1805
19132,CLASS-1805
19139,CLASS-1758
19141,CLASS-1805
19144,CLASS-1805
19148,CLASS-1805
19155,CLASS-1805
19160,CLASS-1805
19164,CLASS-1805
19167,CLASS-1376
19169,CLASS-1522
19175,CLASS-1249
19183,CLASS-1805
19185,CLASS-1805
19188,CLASS-1805
19190,CLASS-1758
19193,CLASS-1758
19195,CLASS-1250
19198,CLASS-1250
19200,CLASS-1805
19203,CLASS-1309
19204,CLASS-1805
19206,CLASS-1805
19209,CLASS-1805
19211,CLASS-1963
19212,CLASS-1805
19219,CLASS-1274
19221,CLASS-1805
19223,CLASS-1805
19224,CLASS-1274
19226,CLASS-1805
19227,CLASS-1805
19229,CLASS-1805
19230,CLASS-1805
19231,CLASS-1805
19232,CLASS-1805
19233,CLASS-1805
19236,CLASS-1805
19238,CLASS-1805
19242,CLASS-1805
19246,CLASS-1805
19248,CLASS-1805
19253,CLASS-1805
19254,CLASS-1805
19256,CLASS-1805
19258,CLASS-1805
19261,CLASS-1249
19263,CLASS-1805
19273,CLASS-1805
19278,CLASS-1805
19280,CLASS-1805
19282,CLASS-1805
19284,CLASS-1805
19285,CLASS-1805
19286,CLASS-1805
19287,CLASS-1805
19293,CLASS-1805
19298,CLASS-1870
19300,CLASS-1805
19305,CLASS-1805
19309,CLASS-1805
19317,CLASS-1805
19318,CLASS-1376
19321,CLASS-1805
19322,CLASS-1805
19329,CLASS-1805
19336,CLASS-1805
19338,CLASS-1805
19341,CLASS-1805
19346,CLASS-1805
19347,CLASS-1805
19349,CLASS-1805
19352,CLASS-1758
19356,CLASS-1805
19357,CLASS-1805
19362,CLASS-1522
19363,CLASS-1805
19365,CLASS-1805
19370,CLASS-1805
19371,CLASS-1805
19377,CLASS-1805
19379,CLASS-1805
19380,CLASS-1805
19382,CLASS-1805
19384,CLASS-1870
19389,CLASS-1805
19392,CLASS-1805
19397,CLASS-1805
19398,CLASS-1805
19405,CLASS-1249
19406,CLASS-1805
19408,CLASS-1805
19413,CLASS-1805
19414,CLASS-1522
19415,CLASS-1805
19418,CLASS-1805
19426,CLASS-1805
19428,CLASS-1805
19440,CLASS-1249
19445,CLASS-1522
19448,CLASS-1805
19449,CLASS-1805
19451,CLASS-1805
19457,CLASS-1805
19462,CLASS-1805
19465,CLASS-1522
19466,CLASS-2141
19467,CLASS-1805
19470,CLASS-1805
19475,CLASS-1758
19477,CLASS-1274
19479,CLASS-1805
19487,CLASS-1805
19488,CLASS-1805
19489,CLASS-1805
19490,CLASS-1805
19493,CLASS-1758
19494,CLASS-1758
19499,CLASS-1805
19500,CLASS-1805
19504,CLASS-1805
19505,CLASS-1274
19511,CLASS-1805
19512,CLASS-1805
19516,CLASS-1805
19517,CLASS-1805
19522,CLASS-1522
19524,CLASS-1805
19525,CLASS-1805
19526,CLASS-1376
19531,CLASS-1522
19537,CLASS-1805
19539,CLASS-1805
19541,CLASS-1805
19547,CLASS-1274
19549,CLASS-1805
19551,CLASS-1805
19552,CLASS-1274
19555,CLASS-1805
19560,CLASS-1805
19563,CLASS-1249
19566,CLASS-1274
19570,CLASS-1805
19579,CLASS-1805
19580,CLASS-1758
19581,CLASS-1805
19589,CLASS-1805
19594,CLASS-1805
19599,CLASS-1758
19604,CLASS-1805
19606,CLASS-1805
19607,CLASS-1805
19608,CLASS-1805
19610,CLASS-1805
19611,CLASS-1805
19612,CLASS-1805
19614,CLASS-1805
19617,CLASS-1805
19620,CLASS-1274
19622,CLASS-1805
19628,CLASS-1805
19629,CLASS-1758
19638,CLASS-1805
19639,CLASS-1758
19640,CLASS-1805
19641,CLASS-1805
19642,CLASS-1805
19645,CLASS-1805
19646,CLASS-1805
19650,CLASS-1274
19652,CLASS-1805
19658,CLASS-1522
19660,CLASS-1805
19666,CLASS-1758
19668,CLASS-1758
19671,CLASS-1805
19675,CLASS-1758
19683,CLASS-1274
19689,CLASS-1805
19692,CLASS-1805
19693,CLASS-1376
19696,CLASS-1805
19698,CLASS-1805
19702,CLASS-1805
19708,CLASS-1805
19715,CLASS-1805
19719,CLASS-1805
19722,CLASS-1805
19723,CLASS-1274
19724,CLASS-1805
19729,CLASS-1805
19730,CLASS-1274
19738,CLASS-1805
19745,CLASS-1805
19750,CLASS-1805
19756,CLASS-1805
19760,CLASS-1805
19762,CLASS-1805
19765,CLASS-1805
19768,CLASS-1870
19777,CLASS-1805
19780,CLASS-1805
19782,CLASS-1758
19784,CLASS-1758
19785,CLASS-1250
19787,CLASS-1805
19790,CLASS-1758
19799,CLASS-1274
19801,CLASS-1805
19804,CLASS-1805
19808,CLASS-1805
19811,CLASS-1805
19814,CLASS-1274
19818,CLASS-1522
19825,CLASS-1805
19832,CLASS-1805
19836,CLASS-1805
19844,CLASS-1274
19848,CLASS-1805
19852,CLASS-1805
19857,CLASS-1805
19860,CLASS-1805
19864,CLASS-1274
19867,CLASS-1274
19872,CLASS-1274
19873,CLASS-1522
19874,CLASS-1376
19876,CLASS-1805
19879,CLASS-1522
19882,CLASS-1309
19884,CLASS-1758
19886,CLASS-1805
19887,CLASS-1758
19890,CLASS-1805
19898,CLASS-1805
19901,CLASS-1758
19902,CLASS-1805
19903,CLASS-1758
19904,CLASS-1805
19909,CLASS-1805
19912,CLASS-1805
19913,CLASS-1805
19914,CLASS-1805
19920,CLASS-1805
19921,CLASS-1805
19923,CLASS-1805
19931,CLASS-1522
19936,CLASS-1758
19940,CLASS-1522
19946,CLASS-1805
19947,CLASS-1805
19950,CLASS-1805
19952,CLASS-1805
19953,CLASS-1805
19955,CLASS-1805
19957,CLASS-1805
19958,CLASS-1758
19959,CLASS-1250
19961,CLASS-1250
19963,CLASS-1805
19966,CLASS-1805
19967,CLASS-1274
19968,CLASS-1805
19970,CLASS-1805
19972,CLASS-1758
19973,CLASS-1805
19974,CLASS-1805
19978,CLASS-1805
19979,CLASS-1805
19983,CLASS-1805
19984,CLASS-1805
19986,CLASS-1850
19989,CLASS-1805
19993,CLASS-1805
19998,CLASS-1758
20000,CLASS-1805
20004,CLASS-1805
20008,CLASS-1758
20009,CLASS-1805
20010,CLASS-1805
20014,CLASS-1758
20015,CLASS-1758
20018,CLASS-1522
20022,CLASS-1805
20026,CLASS-1805
20040,CLASS-1805
20054,CLASS-1376
20056,CLASS-1805
20057,CLASS-1805
20061,CLASS-1805
20066,CLASS-1805
20073,CLASS-1805
20082,CLASS-1805
20086,CLASS-1805
20087,CLASS-1758
20091,CLASS-1805
20098,CLASS-1805
20102,CLASS-1805
20108,CLASS-1758
20117,CLASS-1805
20119,CLASS-1805
20127,CLASS-1805
20131,CLASS-1805
20132,CLASS-1805
20136,CLASS-1274
20139,CLASS-1805
20141,CLASS-1805
20142,CLASS-1805
20144,CLASS-1274
20145,CLASS-1805
20148,CLASS-1805
20151,CLASS-1758
20152,CLASS-1522
20157,CLASS-1758
20158,CLASS-1805
20164,CLASS-1274
20165,CLASS-1522
20166,CLASS-1758
20174,CLASS-1805
20175,CLASS-1805
20179,CLASS-1805
20185,CLASS-1758
20192,CLASS-1805
20194,CLASS-1805
20197,CLASS-1805
20198,CLASS-1805
20200,CLASS-1805
20201,CLASS-1274
20207,CLASS-1758
20208,CLASS-1805
20213,CLASS-1805
20216,CLASS-1805
20219,CLASS-1274
20225,CLASS-1805
20227,CLASS-1758
20231,CLASS-1805
20232,CLASS-1805
20235,CLASS-1805
20242,CLASS-1805
20246,CLASS-1805
20250,CLASS-1805
20253,CLASS-1805
20254,CLASS-1805
20255,CLASS-1805
20260,CLASS-1805
20262,CLASS-1805
20263,CLASS-1376
20265,CLASS-1805
20270,CLASS-1522
20271,CLASS-1805
20277,CLASS-1522
20281,CLASS-1805
20288,CLASS-1274
20290,CLASS-1805
20305,CLASS-1522
20306,CLASS-1805
20307,CLASS-1805
20312,CLASS-1805
20313,CLASS-1805
20323,CLASS-1758
20325,CLASS-1522
20332,CLASS-1376
20335,CLASS-1274
20339,CLASS-1805
20342,CLASS-1805
20344,CLASS-1805
20347,CLASS-1805
20348,CLASS-1805
20352,CLASS-1805
20355,CLASS-1250
20357,CLASS-1274
20363,CLASS-1805
20364,CLASS-1805
20365,CLASS-1805
20380,CLASS-1805
20382,CLASS-1274
20397,CLASS-1805
20401,CLASS-1567
20403,CLASS-1805
20405,CLASS-1805
20412,CLASS-1758
20416,CLASS-1983
20420,CLASS-1274
20432,CLASS-1805
20440,CLASS-1805
20443,CLASS-1274
20444,CLASS-1805
20445,CLASS-1805
20450,CLASS-1805
20451,CLASS-1805
20454,CLASS-1805
20456,CLASS-1758
20459,CLASS-1805
20467,CLASS-1805
20472,CLASS-1274
20487,CLASS-1805
20488,CLASS-1805
20489,CLASS-1805
20490,CLASS-1805
20491,CLASS-1805
20493,CLASS-1805
20496,CLASS-1249
20502,CLASS-1522
20503,CLASS-1758
20504,CLASS-1805
20512,CLASS-1805
20515,CLASS-1805
20520,CLASS-1477
20521,CLASS-1805
20526,CLASS-1758
20530,CLASS-1522
20531,CLASS-1805
20540,CLASS-1758
20544,CLASS-1758
20546,CLASS-1805
20549,CLASS-1805
20557,CLASS-1805
20558,CLASS-1274
20559,CLASS-1805
20562,CLASS-1758
20563,CLASS-1805
20566,CLASS-1805
20569,CLASS-1805
20570,CLASS-1805
20571,CLASS-1805
20573,CLASS-1805
20576,CLASS-1805
20577,CLASS-1805
20578,CLASS-1805
20579,CLASS-1758
20580,CLASS-1758
20590,CLASS-1758
20594,CLASS-1805
20600,CLASS-1870
20602,CLASS-1805
20605,CLASS-1805
20606,CLASS-1376
20608,CLASS-1805
20614,CLASS-1758
20616,CLASS-1805
20617,CLASS-1805
20620,CLASS-1805
20625,CLASS-1805
20626,CLASS-1805
20631,CLASS-1805
20638,CLASS-1805
20639,CLASS-1805
20642,CLASS-1805
20643,CLASS-1805
20645,CLASS-1805
20646,CLASS-1522
20649,CLASS-1567
20654,CLASS-1274
20656,CLASS-1805
20660,CLASS-1805
20672,CLASS-1805
20684,CLASS-1805
20686,CLASS-1805
20690,CLASS-1805
20703,CLASS-1376
20704,CLASS-1805
20706,CLASS-1274
20707,CLASS-1805
20709,CLASS-1805
20710,CLASS-1805
20712,CLASS-1805
20717,CLASS-1805
20721,CLASS-1805
20723,CLASS-1805
20725,CLASS-1477
20726,CLASS-1805
20732,CLASS-1758
20733,CLASS-1805
20739,CLASS-1274
20740,CLASS-1805
20745,CLASS-1805
20749,CLASS-1805
20755,CLASS-1805
20757,CLASS-1805
20763,CLASS-1805
20764,CLASS-1805
20767,CLASS-1805
20771,CLASS-1805
20772,CLASS-1805
20773,CLASS-1805
20774,CLASS-1805
20776,CLASS-1805
20784,CLASS-1805
20785,CLASS-1805
20789,CLASS-1805
20792,CLASS-1805
20796,CLASS-1805
20797,CLASS-1805
20800,CLASS-1805
20804,CLASS-1522
20808,CLASS-1274
20810,CLASS-1758
20813,CLASS-1522
20816,CLASS-1805
20820,CLASS-1805
20821,CLASS-1805
20822,CLASS-1805
20828,CLASS-1805
20831,CLASS-1522
20832,CLASS-1805
20834,CLASS-1805
20838,CLASS-1805
20840,CLASS-1963
20843,CLASS-1850
20846,CLASS-1805
20850,CLASS-1274
20857,CLASS-1758
20860,CLASS-1274
20867,CLASS-1805
20877,CLASS-1274
20878,CLASS-1522
20882,CLASS-1805
20886,CLASS-1274
20890,CLASS-1805
20892,CLASS-1805
20893,CLASS-1805
20900,CLASS-1805
20901,CLASS-1758
20911,CLASS-1805
20913,CLASS-1805
20914,CLASS-1805
20921,CLASS-1522
20924,CLASS-1805
20926,CLASS-1805
20927,CLASS-1376
20928,CLASS-1250
20934,CLASS-1805
20938,CLASS-1805
20940,CLASS-1522
20943,CLASS-1758
20944,CLASS-1758
20951,CLASS-1805
20956,CLASS-1805
20957,CLASS-1274
20964,CLASS-1805
20966,CLASS-1805
20969,CLASS-1805
20970,CLASS-1758
20973,CLASS-1805
20975,CLASS-1522
20976,CLASS-1805
20977,CLASS-1805
20982,CLASS-1805
20985,CLASS-1805
20989,CLASS-1805
20990,CLASS-1805
20997,CLASS-1805
20998,CLASS-1805
21001,CLASS-1758
21008,CLASS-1805
21009,CLASS-1805
21011,CLASS-1963
21014,CLASS-1805
21018,CLASS-1758
21021,CLASS-1805
21022,CLASS-1805
21025,CLASS-1805
21027,CLASS-1522
21030,CLASS-1805
21031,CLASS-1805
21037,CLASS-1376
21040,CLASS-1805
21044,CLASS-1805
21045,CLASS-1249
21047,CLASS-1805
21052,CLASS-1522
21055,CLASS-1274
21057,CLASS-1376
21061,CLASS-1805
21065,CLASS-1805
21070,CLASS-1522
21071,CLASS-1805
21072,CLASS-1805
21073,CLASS-1805
21075,CLASS-1805
21076,CLASS-1805
21078,CLASS-1805
21080,CLASS-1805
21082,CLASS-1274
21088,CLASS-1376
21089,CLASS-1805
21092,CLASS-1805
21096,CLASS-1805
21105,CLASS-1805
21106,CLASS-1805
21109,CLASS-1805
21117,CLASS-1805
21120,CLASS-1805
21123,CLASS-1805
21126,CLASS-1805
21127,CLASS-1758
21130,CLASS-1805
21139,CLASS-1274
21144,CLASS-1805
21146,CLASS-1805
21147,CLASS-1805
21150,CLASS-1805
21151,CLASS-1805
21153,CLASS-1805
21154,CLASS-1805
21156,CLASS-1805
21158,CLASS-1805
21163,CLASS-1805
21176,CLASS-1805
21179,CLASS-1805
21183,CLASS-1805
21185,CLASS-1805
21192,CLASS-1805
21193,CLASS-1805
21202,CLASS-1805
21204,CLASS-1805
21208,CLASS-1805
21210,CLASS-1249
21211,CLASS-1805
21213,CLASS-1805
21217,CLASS-1758
21219,CLASS-1805
21222,CLASS-1805
21224,CLASS-1805
21225,CLASS-1274
21228,CLASS-1274
21231,CLASS-1805
21233,CLASS-1805
21234,CLASS-1376
21240,CLASS-1805
21246,CLASS-1805
21248,CLASS-1758
21251,CLASS-1805
21257,CLASS-1805
21258,CLASS-1376
21259,CLASS-1805
21268,CLASS-1963
21271,CLASS-1805
21272,CLASS-1322
21281,CLASS-1805
21282,CLASS-1805
21284,CLASS-1805
21286,CLASS-1274
21287,CLASS-1274
21295,CLASS-1805
21297,CLASS-1805
21302,CLASS-1805
21303,CLASS-1805
21305,CLASS-1274
21310,CLASS-1805
21314,CLASS-1805
21316,CLASS-1805
21319,CLASS-1805
21322,CLASS-1805
21329,CLASS-1805
21330,CLASS-1805
21333,CLASS-1805
21342,CLASS-1805
21345,CLASS-1805
21349,CLASS-1522
21350,CLASS-1805
21356,CLASS-1758
21358,CLASS-1250
21365,CLASS-1805
21366,CLASS-1805
21368,CLASS-1805
21384,CLASS-1805
21386,CLASS-1805
21387,CLASS-1805
21389,CLASS-1250
21391,CLASS-1805
21392,CLASS-1805
21393,CLASS-1274
21395,CLASS-1805
21401,CLASS-1805
21405,CLASS-1805
21407,CLASS-1250
21414,CLASS-1805
21418,CLASS-1805
21421,CLASS-1805
21426,CLASS-1805
21434,CLASS-1805
21437,CLASS-1805
21445,CLASS-1805
21446,CLASS-1522
21447,CLASS-1805
21454,CLASS-1376
21458,CLASS-1805
21459,CLASS-1805
21462,CLASS-1805
21465,CLASS-1805
21475,CLASS-1805
21476,CLASS-1805
21479,CLASS-1805
21480,CLASS-1805
21482,CLASS-1805
21483,CLASS-1805
21484,CLASS-1522
21485,CLASS-1758
21490,CLASS-1274
21493,CLASS-1758
21494,CLASS-1805
21496,CLASS-1249
21503,CLASS-1805
21504,CLASS-1805
21505,CLASS-1805
21508,CLASS-1376
21511,CLASS-1274
21518,CLASS-1805
21519,CLASS-1805
21520,CLASS-1805
21521,CLASS-1805
21522,CLASS-1805
21523,CLASS-1805
21526,CLASS-1805
21527,CLASS-1805
21528,CLASS-1805
21529,CLASS-1758
21530,CLASS-1805
21535,CLASS-1983
21542,CLASS-1805
21544,CLASS-1805
21546,CLASS-1805
21547,CLASS-1805
21549,CLASS-1477
21550,CLASS-1805
21552,CLASS-1805
21553,CLASS-1758
21559,CLASS-1805
21564,CLASS-1805
21566,CLASS-1477
21567,CLASS-1758
21569,CLASS-1805
21574,CLASS-1805
21579,CLASS-1805
21582,CLASS-1805
21583,CLASS-1805
21584,CLASS-1805
21585,CLASS-1274
21589,CLASS-1805
21594,CLASS-1274
21596,CLASS-1805
21597,CLASS-1805
21599,CLASS-1805
21606,CLASS-1805
21607,CLASS-1805
21610,CLASS-1805
21612,CLASS-1805
21615,CLASS-1805
21623,CLASS-1274
21625,CLASS-1805
21626,CLASS-1805
21628,CLASS-1805
21630,CLASS-1805
21635,CLASS-1805
21637,CLASS-1805
21641,CLASS-1805
21643,CLASS-1522
21644,CLASS-1805
21646,CLASS-1758
21647,CLASS-1805
21649,CLASS-1805
21662,CLASS-1805
21664,CLASS-1805
21669,CLASS-1805
21670,CLASS-1805
21675,CLASS-1522
21676,CLASS-1522
21677,CLASS-1805
21678,CLASS-1805
21679,CLASS-1805
21682,CLASS-1805
21685,CLASS-1805
21687,CLASS-1805
21697,CLASS-1805
21698,CLASS-1805
21703,CLASS-1805
21707,CLASS-1805
21708,CLASS-1805
21713,CLASS-1805
21714,CLASS-1522
21716,CLASS-1249
21717,CLASS-1758
21721,CLASS-1805
21731,CLASS-1805
21734,CLASS-1805
21735,CLASS-1805
21739,CLASS-1805
21743,CLASS-1805
21748,CLASS-1758
21749,CLASS-1805
21752,CLASS-1274
21759,CLASS-1805
21762,CLASS-1805
21763,CLASS-1805
21766,CLASS-1805
21769,CLASS-1805
21771,CLASS-1805
21774,CLASS-1805
21780,CLASS-1805
21785,CLASS-1805
21787,CLASS-1805
21790,CLASS-1805
21792,CLASS-1805
21799,CLASS-1758
21802,CLASS-1274
21804,CLASS-1805
21807,CLASS-1805
21810,CLASS-1805
21811,CLASS-1805
21834,CLASS-1805
21838,CLASS-1805
21839,CLASS-1805
21841,CLASS-1805
21842,CLASS-1919
21843,CLASS-1805
21844,CLASS-1274
21847,CLASS-1805
21851,CLASS-1805
21852,CLASS-1274
21853,CLASS-1805
21855,CLASS-1805
21858,CLASS-1805
21859,CLASS-1805
21866,CLASS-1805
21867,CLASS-1805
21870,CLASS-1805
21871,CLASS-1376
21872,CLASS-1805
21875,CLASS-1805
21879,CLASS-1805
21882,CLASS-1805
21886,CLASS-1758
21887,CLASS-1758
21889,CLASS-1805
21890,CLASS-1805
21891,CLASS-1805
21893,CLASS-1805
21899,CLASS-1805
21901,CLASS-1477
21902,CLASS-1274
21906,CLASS-1522
21908,CLASS-1805
21910,CLASS-1274
21913,CLASS-1805
21918,CLASS-1805
21925,CLASS-1805
21930,CLASS-1805
21933,CLASS-1805
21935,CLASS-1805
21936,CLASS-1805
21957,CLASS-1805
21960,CLASS-1805
21961,CLASS-1758
21962,CLASS-1805
21965,CLASS-1805
21966,CLASS-1805
21967,CLASS-1758
21968,CLASS-1805
21969,CLASS-1805
21973,CLASS-1376
21975,CLASS-1758
21977,CLASS-1522
21980,CLASS-1758
21981,CLASS-1805
21983,CLASS-1805
21989,CLASS-1805
21990,CLASS-1274
21998,CLASS-1805
22001,CLASS-1805
22009,CLASS-1805
22010,CLASS-1805
22011,CLASS-1805
22018,CLASS-1805
22020,CLASS-1805
22023,CLASS-1274
22030,CLASS-1805
22032,CLASS-1274
22034,CLASS-1758
22037,CLASS-1274
22049,CLASS-1805
22053,CLASS-1805
22054,CLASS-1522
22057,CLASS-1805
22059,CLASS-1758
22060,CLASS-1758
22064,CLASS-1805
22068,CLASS-1805
22071,CLASS-1805
22073,CLASS-1805
22078,CLASS-1805
22079,CLASS-1805
22092,CLASS-1805
22097,CLASS-1805
22100,CLASS-1805
22101,CLASS-1758
22106,CLASS-1805
22110,CLASS-1805
22116,CLASS-1274
22122,CLASS-1805
22123,CLASS-1376
22124,CLASS-1249
22127,CLASS-1870
22128,CLASS-1805
22129,CLASS-1805
22133,CLASS-1805
22137,CLASS-1805
22139,CLASS-1805
22140,CLASS-1805
22146,CLASS-1274
22149,CLASS-1758
22150,CLASS-1250
22156,CLASS-1805
22157,CLASS-1805
22160,CLASS-1805
22161,CLASS-1805
22165,CLASS-1274
22166,CLASS-1274
22171,CLASS-1522
22173,CLASS-1805
22174,CLASS-1805
22175,CLASS-1805
22176,CLASS-1274
22177,CLASS-1805
22179,CLASS-1805
22185,CLASS-1805
22186,CLASS-1274
22192,CLASS-1805
22198,CLASS-1805
22202,CLASS-1522
22203,CLASS-1805
22208,CLASS-1477
22213,CLASS-1758
22217,CLASS-1805
22219,CLASS-1805
22220,CLASS-1805
22235,CLASS-1805
22238,CLASS-1805
22253,CLASS-1805
22258,CLASS-1805
22260,CLASS-1805
22261,CLASS-1522
22262,CLASS-1805
22269,CLASS-1805
22270,CLASS-1758
22271,CLASS-1805
22272,CLASS-1805
22274,CLASS-1758
22282,CLASS-1805
22283,CLASS-1805
22289,CLASS-1805
22291,CLASS-1805
22296,CLASS-1250
22305,CLASS-1805
22308,CLASS-1805
22309,CLASS-1805
22316,CLASS-1805
22323,CLASS-1805
22325,CLASS-1805
22326,CLASS-1805
22327,CLASS-1805
22330,CLASS-1758
22334,CLASS-1805
22335,CLASS-1805
22336,CLASS-1805
22340,CLASS-1758
22342,CLASS-1805
22345,CLASS-1805
22347,CLASS-1805
22357,CLASS-1805
22363,CLASS-1919
22364,CLASS-1805
22365,CLASS-1805
22368,CLASS-1919
22373,CLASS-1805
22379,CLASS-1250
22393,CLASS-1522
22395,CLASS-1805
22396,CLASS-1758
22400,CLASS-1274
22403,CLASS-1274
22404,CLASS-1522
22408,CLASS-1805
22417,CLASS-1805
22419,CLASS-1805
22422,CLASS-1805
22425,CLASS-1805
22427,CLASS-1758
22434,CLASS-1805
22439,CLASS-1805
22441,CLASS-1805
22446,CLASS-1805
22448,CLASS-1805
22454,CLASS-1805
22455,CLASS-1805
22458,CLASS-1805
22460,CLASS-1805
22468,CLASS-1805
22469,CLASS-1805
22472,CLASS-1805
22476,CLASS-2141
22477,CLASS-1805
22479,CLASS-1805
22482,CLASS-1805
22485,CLASS-1805
22489,CLASS-1805
22492,CLASS-1805
22494,CLASS-1758
22500,CLASS-1805
22501,CLASS-1805
22509,CLASS-1805
22510,CLASS-1758
22518,CLASS-1805
22521,CLASS-1805
22523,CLASS-1805
22524,CLASS-1805
22525,CLASS-1522
22527,CLASS-1805
22529,CLASS-1274
22532,CLASS-1963
22537,CLASS-1805
22540,CLASS-1567
22541,CLASS-1805
22542,CLASS-1805
22556,CLASS-1805
22557,CLASS-1805
22559,CLASS-1805
22564,CLASS-1274
22565,CLASS-1805
22570,CLASS-1805
22572,CLASS-1274
22574,CLASS-1805
22575,CLASS-1805
22578,CLASS-1805
22589,CLASS-1805
22592,CLASS-1805
22593,CLASS-1805
22594,CLASS-1805
22595,CLASS-1805
22596,CLASS-1250
22598,CLASS-1805
22600,CLASS-1805
22602,CLASS-1805
22613,CLASS-1805
22615,CLASS-1805
22616,CLASS-1376
22617,CLASS-1805
22618,CLASS-1805
22619,CLASS-1805
22630,CLASS-1805
22635,CLASS-1805
22636,CLASS-1805
22640,CLASS-1805
22649,CLASS-1805
22651,CLASS-1805
22653,CLASS-1805
22659,CLASS-1805
22675,CLASS-1805
22677,CLASS-1805
22679,CLASS-1805
22683,CLASS-1805
22686,CLASS-1805
22691,CLASS-1805
22692,CLASS-1274
22698,CLASS-1805
22702,CLASS-1522
22703,CLASS-1805
22706,CLASS-1805
22707,CLASS-1805
22710,CLASS-1805
22711,CLASS-1805
22713,CLASS-1805
22718,CLASS-1805
22720,CLASS-1758
22721,CLASS-1805
22722,CLASS-1805
22731,CLASS-1805
22732,CLASS-1805
22733,CLASS-1867
22736,CLASS-1805
22739,CLASS-1805
22742,CLASS-1805
22744,CLASS-1805
22747,CLASS-1805
22751,CLASS-1758
22755,CLASS-1805
22756,CLASS-1805
22762,CLASS-1758
22763,CLASS-1805
22764,CLASS-1805
22766,CLASS-1274
22767,CLASS-1758
22772,CLASS-1805
22773,CLASS-1805
22778,CLASS-1274
22779,CLASS-1805
22782,CLASS-1805
22783,CLASS-1805
22787,CLASS-1805
22793,CLASS-1805
22799,CLASS-1758
22806,CLASS-1805
22807,CLASS-1805
22812,CLASS-1758
22813,CLASS-1805
22814,CLASS-1805
22816,CLASS-1522
22817,CLASS-1758
22819,CLASS-1963
22820,CLASS-1805
22821,CLASS-1376
22824,CLASS-1758
22825,CLASS-1805
22827,CLASS-1250
22828,CLASS-1429
22830,CLASS-1805
22832,CLASS-1250
22834,CLASS-1805
22835,CLASS-1805
22843,CLASS-1805
22846,CLASS-1805
22847,CLASS-1376
22848,CLASS-1805
22849,CLASS-1805
22861,CLASS-1805
22872,CLASS-1805
22875,CLASS-1805
22877,CLASS-1249
22881,CLASS-1376
22882,CLASS-1805
22887,CLASS-1805
22889,CLASS-1250
22894,CLASS-1805
22899,CLASS-1805
22903,CLASS-1805
22904,CLASS-1805
22907,CLASS-1805
22910,CLASS-1805
22912,CLASS-1805
22913,CLASS-1805
22914,CLASS-1805
22915,CLASS-1805
22916,CLASS-1805
22917,CLASS-1805
22922,CLASS-1376
22923,CLASS-1249
22924,CLASS-1805
22928,CLASS-1805
22929,CLASS-1919
22931,CLASS-1805
22935,CLASS-1249
22937,CLASS-1805
22938,CLASS-1805
22944,CLASS-1805
22947,CLASS-1805
22953,CLASS-1758
22958,CLASS-1805
22962,CLASS-1805
22964,CLASS-1805
22967,CLASS-1805
22970,CLASS-1805
22973,CLASS-1805
22975,CLASS-1805
22977,CLASS-1805
22978,CLASS-1805
22981,CLASS-1274
22983,CLASS-1805
22988,CLASS-1522
22991,CLASS-1758
22992,CLASS-1805
22993,CLASS-1805
22994,CLASS-1805
22995,CLASS-1522
23002,CLASS-1805
23006,CLASS-1805
23009,CLASS-1805
23011,CLASS-1805
